<?xml version="1.0" encoding="UTF-8"?>
<beans xmlns="http://www.springframework.org/schema/beans"
       xmlns:p="http://www.springframework.org/schema/p"
       xmlns:mvc="http://www.springframework.org/schema/mvc"
       xmlns:xsi="http://www.w3.org/2001/XMLSchema-instance"
       xmlns:context="http://www.springframework.org/schema/context"
       xsi:schemaLocation="http://www.springframework.org/schema/beans
           http://www.springframework.org/schema/beans/spring-beans.xsd
           http://www.springframework.org/schema/context
         http://www.springframework.org/schema/context/spring-context.xsd
           http://www.springframework.org/schema/mvc
        http://www.springframework.org/schema/mvc/spring-mvc.xsd">

    <!-- 通用视图解析器 -->
    <bean id="viewResolverCommon" class="org.springframework.web.servlet.view.InternalResourceViewResolver">
        <property name="prefix" value="/WEB-INF/page/"/>
        <!-- 可为空,方便实现自已的依据扩展名来选择视图解释类的逻辑 -->
        <property name="suffix" value=".jsp"/>
        <property name="viewClass">
            <value>org.springframework.web.servlet.view.InternalResourceView</value>
        </property>
        <property name="order" value="1"/>
    </bean>

    <!-- 配置freeMarker视图解析器 -->
    <bean id="viewResolverFtl" class="org.springframework.web.servlet.view.freemarker.FreeMarkerViewResolver">
        <property name="viewClass" value="org.springframework.web.servlet.view.freemarker.FreeMarkerView"/>
        <property name="contentType" value="text/html; charset=utf-8"/>
        <property name="cache" value="true" />
        <property name="suffix" value=".ftl" />
        <property name="order" value="0"/>
    </bean>

    <!-- 配置freeMarker的模板路径 -->
    <bean id="freemarkerConfig" class="org.springframework.web.servlet.view.freemarker.FreeMarkerConfigurer">
        <property name="templateLoaderPath">
            <value>/WEB-INF/ftl/</value>
        </property>
        <property name="freemarkerVariables">
            <map>
                <entry key="xml_escape" value-ref="fmXmlEscape" />
            </map>
        </property>
        <property name="defaultEncoding">
            <value>utf-8</value>
        </property>
        <property name="freemarkerSettings">
            <props>
                <prop key="template_update_delay">3600</prop>
            </props>
        </property>
    </bean>

    <bean id="fmXmlEscape" class="freemarker.template.utility.XmlEscape"/>

    <!-- 注解支持 -->
    <mvc:annotation-driven/>

    <!-- 对包中的所有类进行扫描，以完成Bean创建和自动依赖注入的功能 -->
    <context:component-scan base-package="org.lxy.controller">
    </context:component-scan>
</beans>